time,date,S&P500,ret
1,3/5/2013,1539.790039,0.009520552
2,3/6/2013,1541.459961,0.001083925
3,3/7/2013,1544.26001,0.001814844
4,3/8/2013,1551.180054,0.004471129
5,3/11/2013,1556.219971,0.003243819
6,3/12/2013,1552.47998,-0.002406146
7,3/13/2013,1554.52002,0.00131319
8,3/14/2013,1563.22998,0.005587352
9,3/15/2013,1560.699951,-0.001619774
10,3/18/2013,1552.099976,-0.00552557
11,3/19/2013,1548.339966,-0.00242547
12,3/20/2013,1558.709961,0.006675164
13,3/21/2013,1545.800049,-0.008316924
14,3/22/2013,1556.890015,0.007148644
15,3/25/2013,1551.689941,-0.00334563
16,3/26/2013,1563.77002,0.007754964
17,3/27/2013,1562.849976,-0.000588523
18,3/28/2013,1569.189941,0.004048463
19,4/1/2013,1562.170044,-0.004483617
20,4/2/2013,1570.25,0.005158934
21,4/3/2013,1553.689941,-0.010602133
22,4/4/2013,1559.97998,0.004040279
23,4/5/2013,1553.280029,-0.004304145
24,4/8/2013,1563.069946,0.006282959
25,4/9/2013,1568.609985,0.003538066
26,4/10/2013,1587.72998,0.012115443
27,4/11/2013,1593.369995,0.003545956
28,4/12/2013,1588.849976,-0.002840798
29,4/15/2013,1552.359985,-0.023234125
30,4/16/2013,1574.569946,0.014205841
31,4/17/2013,1552.01001,-0.014431313
32,4/18/2013,1541.609985,-0.006723556
33,4/19/2013,1555.25,0.008808989
34,4/22/2013,1562.5,0.004650798
35,4/23/2013,1578.780029,0.010365313
36,4/24/2013,1578.790039,6.34032E-06
37,4/25/2013,1585.160034,0.004026614
38,4/26/2013,1582.23999,-0.001843812
39,4/29/2013,1593.609985,0.007160315
40,4/30/2013,1597.569946,0.002481817
41,5/1/2013,1582.699951,-0.009351473
42,5/2/2013,1597.589966,0.009364004
43,5/3/2013,1614.420044,0.010479564
44,5/6/2013,1617.5,0.001905961
45,5/7/2013,1625.959961,0.005216639
46,5/8/2013,1632.689941,0.004130539
47,5/9/2013,1626.670044,-0.003693918
48,5/10/2013,1633.699951,0.004312344
49,5/13/2013,1633.77002,4.28888E-05
50,5/14/2013,1650.339966,0.010091067
51,5/15/2013,1658.780029,0.005101103
52,5/16/2013,1650.469971,-0.005022332
53,5/17/2013,1667.469971,0.010247412
54,5/20/2013,1666.290039,-0.000707869
55,5/21/2013,1669.160034,0.001720905
56,5/22/2013,1655.349976,-0.008308074
57,5/23/2013,1650.51001,-0.002928115
58,5/24/2013,1649.599976,-0.000551517
59,5/28/2013,1660.060059,0.006320962
60,5/29/2013,1648.359985,-0.007072937
61,5/30/2013,1654.410034,0.003663625
62,5/31/2013,1630.73999,-0.014410577
63,6/3/2013,1640.420044,0.00591844
64,6/4/2013,1631.380005,-0.005526048
65,6/5/2013,1608.900024,-0.013875555
66,6/6/2013,1622.560059,0.008454455
67,6/7/2013,1643.380005,0.012749914
68,6/10/2013,1642.810059,-0.000346873
69,6/11/2013,1626.130005,-0.010205264
70,6/12/2013,1612.52002,-0.008404777
71,6/13/2013,1636.359985,0.014676069
72,6/14/2013,1626.72998,-0.005902401
73,6/17/2013,1639.040039,0.007538876
74,6/18/2013,1651.810059,0.007760964
75,6/19/2013,1628.930054,-0.013948301
76,6/20/2013,1588.189941,-0.025328425
77,6/21/2013,1592.430054,0.002666219
78,6/24/2013,1573.089966,-0.012219369
79,6/25/2013,1588.030029,0.009452456
80,6/26/2013,1603.26001,0.00954479
81,6/27/2013,1613.199951,0.006180691
82,6/28/2013,1606.280029,-0.004298789
83,7/1/2013,1614.959961,0.0053892
84,7/2/2013,1614.079956,-0.000545057
85,7/3/2013,1615.410034,0.000823708
86,7/5/2013,1631.890015,0.010150046
87,7/8/2013,1640.459961,0.005237805
88,7/9/2013,1652.319946,0.007203662
89,7/10/2013,1652.619995,0.000181576
90,7/11/2013,1675.02002,0.013463213
91,7/12/2013,1680.189941,0.00308173
92,7/15/2013,1682.5,0.001373935
93,7/16/2013,1676.26001,-0.003715655
94,7/17/2013,1680.910034,0.002770206
95,7/18/2013,1689.369995,0.005020342
96,7/19/2013,1692.089966,0.001608756
97,7/22/2013,1695.530029,0.002030962
98,7/23/2013,1692.390015,-0.001853653
99,7/24/2013,1685.939941,-0.003818503
100,7/25/2013,1690.25,0.00255321
101,7/26/2013,1691.650024,0.000827951
102,7/29/2013,1685.329956,-0.003743034
103,7/30/2013,1685.959961,0.000373747
104,7/31/2013,1685.72998,-0.000136419
105,8/1/2013,1706.869995,0.012462588
106,8/2/2013,1709.670044,0.001639114
107,8/5/2013,1707.140015,-0.001480931
108,8/6/2013,1697.369995,-0.005739473
109,8/7/2013,1690.910034,-0.003813126
110,8/8/2013,1697.47998,0.003877921
111,8/9/2013,1691.420044,-0.003576348
112,8/12/2013,1689.469971,-0.001153586
113,8/13/2013,1694.160034,0.00277221
114,8/14/2013,1685.390015,-0.005190063
115,8/15/2013,1661.319946,-0.014384565
116,8/16/2013,1655.829956,-0.003310067
117,8/19/2013,1646.060059,-0.005917778
118,8/20/2013,1652.349976,0.003813913
119,8/21/2013,1642.800049,-0.00579637
120,8/22/2013,1656.959961,0.008582442
121,8/23/2013,1663.5,0.003939242
122,8/26/2013,1656.780029,-0.004047839
123,8/27/2013,1630.47998,-0.016001539
124,8/28/2013,1634.959961,0.002743878
125,8/29/2013,1638.170044,0.001961477
126,8/30/2013,1632.969971,-0.003179367
127,9/3/2013,1639.77002,0.004155575
128,9/4/2013,1653.079956,0.008084188
129,9/5/2013,1655.079956,0.001209132
130,9/6/2013,1655.170044,5.44297E-05
131,9/9/2013,1671.709961,0.009943282
132,9/10/2013,1683.98999,0.00731894
133,9/11/2013,1689.130005,0.003047635
134,9/12/2013,1683.420044,-0.003386142
135,9/13/2013,1687.98999,0.002711001
136,9/16/2013,1697.599976,0.005677009
137,9/17/2013,1704.76001,0.004208869
138,9/18/2013,1725.52002,0.012104122
139,9/19/2013,1722.339966,-0.001844654
140,9/20/2013,1709.910034,-0.007243054
141,9/23/2013,1701.839966,-0.004730759
142,9/24/2013,1697.420044,-0.002600522
143,9/25/2013,1692.77002,-0.002743225
144,9/26/2013,1698.670044,0.003479366
145,9/27/2013,1691.75,-0.004082122
146,9/30/2013,1681.550049,-0.00604748
147,10/1/2013,1695,0.007966725
148,10/2/2013,1693.869995,-0.000666892
149,10/3/2013,1678.660034,-0.009019973
150,10/4/2013,1690.5,0.007028467
151,10/7/2013,1676.119995,-0.008542748
152,10/8/2013,1655.449951,-0.01240875
153,10/9/2013,1656.400024,0.000573742
154,10/10/2013,1692.560059,0.021595623
155,10/11/2013,1703.199951,0.006266595
156,10/14/2013,1710.140015,0.004066441
157,10/15/2013,1698.060059,-0.00708879
158,10/16/2013,1721.540039,0.013732804
159,10/17/2013,1733.150024,0.006721314
160,10/18/2013,1744.5,0.006527406
161,10/21/2013,1744.660034,9.17321E-05
162,10/22/2013,1754.670044,0.005721116
163,10/23/2013,1746.380005,-0.004735753
164,10/24/2013,1752.069946,0.003252838
165,10/25/2013,1759.77002,0.004385215
166,10/28/2013,1762.109985,0.001328816
167,10/29/2013,1771.949951,0.005568661
168,10/30/2013,1763.310059,-0.004887849
169,10/31/2013,1756.540039,-0.003846771
170,11/1/2013,1761.640015,0.002899215
171,11/4/2013,1767.930054,0.003564199
172,11/5/2013,1762.969971,-0.002809531
173,11/6/2013,1770.48999,0.004256468
174,11/7/2013,1747.150024,-0.013270436
175,11/8/2013,1770.609985,0.013338209
176,11/11/2013,1771.890015,0.00072267
177,11/12/2013,1767.689941,-0.002373206
178,11/13/2013,1782,0.008062753
179,11/14/2013,1790.619995,0.004825597
180,11/15/2013,1798.180054,0.004213147
181,11/18/2013,1791.530029,-0.003705053
182,11/19/2013,1787.869995,-0.002045055
183,11/20/2013,1781.369995,-0.003642236
184,11/21/2013,1795.849976,0.008095706
185,11/22/2013,1804.76001,0.00494919
186,11/25/2013,1802.47998,-0.001264141
187,11/26/2013,1802.75,0.000149793
188,11/27/2013,1807.22998,0.002481998
189,11/29/2013,1805.810059,-0.000785998
190,12/2/2013,1800.900024,-0.002722724
191,12/3/2013,1795.150024,-0.003197956
192,12/4/2013,1792.810059,-0.001304343
193,12/5/2013,1785.030029,-0.004349016
194,12/6/2013,1805.089966,0.011175195
195,12/9/2013,1808.369995,0.001815451
196,12/10/2013,1802.619995,-0.003184725
197,12/11/2013,1782.219971,-0.011381397
198,12/12/2013,1775.5,-0.003777689
199,12/13/2013,1775.319946,-0.000101415
200,12/16/2013,1786.540039,0.006300152
201,12/17/2013,1781,-0.003105806
202,12/18/2013,1810.650024,0.016510906
203,12/19/2013,1809.599976,-0.000580097
204,12/20/2013,1818.319946,0.004807155
205,12/23/2013,1827.98999,0.005304029
206,12/24/2013,1833.319946,0.002911504
207,12/26/2013,1842.02002,0.004734305
208,12/27/2013,1841.400024,-0.000336641
209,12/30/2013,1841.069946,-0.00017927
210,12/31/2013,1848.359985,0.003951856
211,1/2/2014,1831.97998,-0.008901413
212,1/3/2014,1831.369995,-0.00033302
213,1/6/2014,1826.77002,-0.002514927
214,1/7/2014,1837.880005,0.006063345
215,1/8/2014,1837.48999,-0.000212232
216,1/9/2014,1838.130005,0.000348249
217,1/10/2014,1842.369995,0.00230403
218,1/13/2014,1819.199951,-0.012655966
219,1/14/2014,1838.880005,0.010759876
220,1/15/2014,1848.380005,0.005152889
221,1/16/2014,1845.890015,-0.001348028
222,1/17/2014,1838.699951,-0.003902781
223,1/21/2014,1843.800049,0.002769912
224,1/22/2014,1844.859985,0.0005747
225,1/23/2014,1828.459961,-0.008929325
226,1/24/2014,1790.290039,-0.021096421
227,1/27/2014,1781.560059,-0.004888222
228,1/28/2014,1792.5,0.006121875
229,1/29/2014,1774.199951,-0.010261704
230,1/30/2014,1794.189941,0.011204044
231,1/31/2014,1782.589966,-0.00648629
232,2/3/2014,1741.890015,-0.023096605
233,2/4/2014,1755.199951,0.007612043
234,2/5/2014,1751.640015,-0.002030282
235,2/6/2014,1773.430054,0.012363054
236,2/7/2014,1797.02002,0.013214194
237,2/10/2014,1799.839966,0.001568005
238,2/11/2014,1819.75,0.011001376
239,2/12/2014,1819.26001,-0.000269299
240,2/13/2014,1829.829956,0.005793212
241,2/14/2014,1838.630005,0.004797689
242,2/18/2014,1840.76001,0.001157803
243,2/19/2014,1828.75,-0.006545862
244,2/20/2014,1839.780029,0.006013342
245,2/21/2014,1836.25,-0.001920567
246,2/24/2014,1847.609985,0.006167455
247,2/25/2014,1845.119995,-0.001348591
248,2/26/2014,1845.160034,2.16997E-05
249,2/27/2014,1854.290039,0.004935881
250,2/28/2014,1859.449951,0.002778824
251,3/3/2014,1845.72998,-0.007405866
252,3/4/2014,1873.910034,0.015152323
253,3/5/2014,1873.810059,-5.33524E-05
254,3/6/2014,1877.030029,0.001716933
255,3/7/2014,1878.040039,0.000537945
256,3/10/2014,1877.170044,-0.000463354
257,3/11/2014,1867.630005,-0.005095097
258,3/12/2014,1868.199951,0.000305124
259,3/13/2014,1846.339966,-0.011770092
260,3/14/2014,1841.130005,-0.002825766
261,3/17/2014,1858.829956,0.009567718
262,3/18/2014,1872.25,0.007193682
263,3/19/2014,1860.77002,-0.006150525
264,3/20/2014,1872.01001,0.006022334
265,3/21/2014,1866.52002,-0.00293698
266,3/24/2014,1857.439941,-0.004876581
267,3/25/2014,1865.619995,0.004394271
268,3/26/2014,1852.560059,-0.007024937
269,3/27/2014,1849.040039,-0.001901892
270,3/28/2014,1857.619995,0.004629489
271,3/31/2014,1872.339966,0.007892872
272,4/1/2014,1885.52002,0.007014688
273,4/2/2014,1890.900024,0.002849263
274,4/3/2014,1888.77002,-0.001127085
275,4/4/2014,1865.089966,-0.012616543
276,4/7/2014,1845.040039,-0.010808312
277,4/8/2014,1851.959961,0.003743538
278,4/9/2014,1872.180054,0.010859039
279,4/10/2014,1833.079956,-0.021105968
280,4/11/2014,1815.689941,-0.00953206
281,4/14/2014,1830.609985,0.008183708
282,4/15/2014,1842.97998,0.006734579
283,4/16/2014,1862.310059,0.010433868
284,4/17/2014,1864.849976,0.001362924
285,4/21/2014,1871.890015,0.003768016
286,4/22/2014,1879.550049,0.004083789
287,4/23/2014,1875.390015,-0.002215767
288,4/24/2014,1878.609985,0.001715488
289,4/25/2014,1863.400024,-0.008129345
290,4/28/2014,1869.430054,0.003230812
291,4/29/2014,1878.329956,0.00474946
292,4/30/2014,1883.949951,0.00298755
293,5/1/2014,1883.680054,-0.000143271
294,5/2/2014,1881.140015,-0.001349355
295,5/5/2014,1884.660034,0.001869467
296,5/6/2014,1867.719971,-0.009029031
297,5/7/2014,1878.209961,0.005600755
298,5/8/2014,1875.630005,-0.001374569
299,5/9/2014,1878.47998,0.001518323
300,5/12/2014,1896.650024,0.009626256
301,5/13/2014,1897.449951,0.000421669
302,5/14/2014,1888.530029,-0.00471209
303,5/15/2014,1870.849976,-0.009405904
304,5/16/2014,1877.859985,0.003739962
305,5/19/2014,1885.079956,0.003837414
306,5/20/2014,1872.829956,-0.006519605
307,5/21/2014,1888.030029,0.00808334
308,5/22/2014,1892.48999,0.002359444
309,5/23/2014,1900.530029,0.004239393
310,5/27/2014,1911.910034,0.00596995
311,5/28/2014,1909.780029,-0.001114693
312,5/29/2014,1920.030029,0.005352759
313,5/30/2014,1923.569946,0.00184198
314,6/2/2014,1924.969971,0.000727562
315,6/3/2014,1924.23999,-0.000379289
316,6/4/2014,1927.880005,0.001889877
317,6/5/2014,1940.459961,0.006504082
318,6/6/2014,1949.439941,0.004617083
319,6/9/2014,1951.27002,0.000938331
320,6/10/2014,1950.790039,-0.000246014
321,6/11/2014,1943.890015,-0.003543311
322,6/12/2014,1930.109985,-0.007114139
323,6/13/2014,1936.160034,0.003129659
324,6/16/2014,1937.780029,0.000836355
325,6/17/2014,1941.98999,0.002170212
326,6/18/2014,1956.97998,0.007689243
327,6/19/2014,1959.47998,0.001276663
328,6/20/2014,1962.869995,0.001728564
329,6/23/2014,1962.609985,-0.000132473
330,6/24/2014,1949.97998,-0.006456107
331,6/25/2014,1959.530029,0.004885558
332,6/26/2014,1957.219971,-0.001179579
333,6/27/2014,1960.959961,0.001909045
334,6/30/2014,1960.22998,-0.000372326
335,7/1/2014,1973.319946,0.006655573
336,7/2/2014,1974.619995,0.000658596
337,7/3/2014,1985.439941,0.00546455
338,7/7/2014,1977.650024,-0.003931239
339,7/8/2014,1963.709961,-0.007073762
340,7/9/2014,1972.829956,0.004633516
341,7/10/2014,1964.680054,-0.004139628
342,7/11/2014,1967.569946,0.001469842
343,7/14/2014,1977.099976,0.004831861
344,7/15/2014,1973.280029,-0.001933965
345,7/16/2014,1981.569946,0.004192285
346,7/17/2014,1958.119995,-0.011904606
347,7/18/2014,1978.219971,0.010212609
348,7/21/2014,1973.630005,-0.002322947
349,7/22/2014,1983.530029,0.005003611
350,7/23/2014,1987.01001,0.001752901
351,7/24/2014,1987.97998,0.000488036
352,7/25/2014,1978.339966,-0.004860946
353,7/28/2014,1978.910034,0.000288113
354,7/29/2014,1969.949951,-0.004538068
355,7/30/2014,1970.069946,6.09109E-05
356,7/31/2014,1930.670044,-0.020201932
357,8/1/2014,1925.150024,-0.002863216
358,8/4/2014,1938.98999,0.007163315
359,8/5/2014,1920.209961,-0.009732679
360,8/6/2014,1920.23999,1.56383E-05
361,8/7/2014,1909.569946,-0.005572115
362,8/8/2014,1931.589966,0.011465423
363,8/11/2014,1936.920044,0.002755625
364,8/12/2014,1933.75,-0.001637982
365,8/13/2014,1946.719971,0.006684767
366,8/14/2014,1955.180054,0.004336398
367,8/15/2014,1955.060059,-6.13747E-05
368,8/18/2014,1971.73999,0.008495483
369,8/19/2014,1981.599976,0.004988191
370,8/20/2014,1986.51001,0.002474748
371,8/21/2014,1992.369995,0.002945547
372,8/22/2014,1988.400024,-0.001994575
373,8/25/2014,1997.920044,0.004776354
374,8/26/2014,2000.02002,0.001050529
375,8/27/2014,2000.119995,4.99858E-05
376,8/28/2014,1996.73999,-0.001691331
377,8/29/2014,2003.369995,0.003314914
378,9/2/2014,2002.280029,-0.000544214
379,9/3/2014,2000.719971,-0.000779444
380,9/4/2014,1997.650024,-0.0015356
381,9/5/2014,2007.709961,0.005023248
382,9/8/2014,2001.540039,-0.003077846
383,9/9/2014,1988.439941,-0.006566522
384,9/10/2014,1995.689941,0.003639444
385,9/11/2014,1997.449951,0.000881517
386,9/12/2014,1985.540039,-0.005980405
387,9/15/2014,1984.130005,-0.000710404
388,9/16/2014,1998.97998,0.007456507
389,9/17/2014,2001.569946,0.001294805
390,9/18/2014,2011.359985,0.004879257
391,9/19/2014,2010.400024,-0.000477384
392,9/22/2014,1994.290039,-0.008045602
393,9/23/2014,1982.77002,-0.00579325
394,9/24/2014,1998.300049,0.007801977
395,9/25/2014,1965.98999,-0.016300913
396,9/26/2014,1982.849976,0.008539261
397,9/29/2014,1977.800049,-0.002550051
398,9/30/2014,1972.290039,-0.002789817
399,10/1/2014,1946.160034,-0.013337106
400,10/2/2014,1946.170044,5.14345E-06
401,10/3/2014,1967.900024,0.011103635
402,10/6/2014,1964.819946,-0.001566386
403,10/7/2014,1935.099976,-0.015241618
404,10/8/2014,1968.890015,0.017310947
405,10/9/2014,1928.209961,-0.020877849
406,10/10/2014,1906.130005,-0.01151708
407,10/13/2014,1874.73999,-0.016605033
408,10/14/2014,1877.699951,0.00157762
409,10/15/2014,1862.48999,-0.008133301
410,10/16/2014,1862.76001,0.000144967
411,10/17/2014,1886.76001,0.012801813
412,10/20/2014,1904.01001,0.009101116
413,10/21/2014,1941.280029,0.019385371
414,10/22/2014,1927.109985,-0.007326101
415,10/23/2014,1950.819946,0.012228306
416,10/24/2014,1964.579956,0.00702869
417,10/27/2014,1961.630005,-0.001502697
418,10/28/2014,1985.050049,0.011868365
419,10/29/2014,1982.300049,-0.001386316
420,10/30/2014,1994.650024,0.006210797
421,10/31/2014,2018.050049,0.011663115
422,11/3/2014,2017.810059,-0.000118929
423,11/4/2014,2012.099976,-0.002833853
424,11/5/2014,2023.569946,0.005684311
425,11/6/2014,2031.209961,0.003768404
426,11/7/2014,2031.920044,0.000349525
427,11/10/2014,2038.26001,0.003115327
428,11/11/2014,2039.680054,0.000696452
429,11/12/2014,2038.25,-0.000701363
430,11/13/2014,2039.329956,0.000529704
431,11/14/2014,2039.819946,0.000240241
432,11/17/2014,2041.319946,0.000735089
433,11/18/2014,2051.800049,0.00512085
434,11/19/2014,2048.719971,-0.001502287
435,11/20/2014,2052.75,0.001965164
436,11/21/2014,2063.5,0.005223213
437,11/24/2014,2069.409912,0.00285993
438,11/25/2014,2067.030029,-0.001150692
439,11/26/2014,2072.830078,0.002802053
440,11/28/2014,2067.560059,-0.002545664
441,12/1/2014,2053.439941,-0.00685279
442,12/2/2014,2066.550049,0.006364167
443,12/3/2014,2074.330078,0.003757674
444,12/4/2014,2071.919922,-0.001162572
445,12/5/2014,2075.370117,0.001663831
446,12/8/2014,2060.310059,-0.007283022
447,12/9/2014,2059.820068,-0.000237852
448,12/10/2014,2026.140015,-0.016486121
449,12/11/2014,2035.329956,0.004525434
450,12/12/2014,2002.329956,-0.016346466
451,12/15/2014,1989.630005,-0.006362786
452,12/16/2014,1972.73999,-0.00852526
453,12/17/2014,2012.890015,0.020148074
454,12/18/2014,2061.22998,0.023731374
455,12/19/2014,2070.649902,0.004559638
456,12/22/2014,2078.540039,0.003803223
457,12/23/2014,2082.169922,0.001744839
458,12/24/2014,2081.879883,-0.000139306
459,12/26/2014,2088.77002,0.00330411
460,12/29/2014,2090.570068,0.000861403
461,12/30/2014,2080.350098,-0.004900593
462,12/31/2014,2058.899902,-0.010364384
463,1/2/2015,2058.199951,-0.000340021
464,1/5/2015,2020.579956,-0.018447213
465,1/6/2015,2002.609985,-0.008933255
466,1/7/2015,2025.900024,0.011562736
467,1/8/2015,2062.139893,0.017730169
468,1/9/2015,2044.810059,-0.008439322
469,1/12/2015,2028.26001,-0.008126617
470,1/13/2015,2023.030029,-0.002581886
471,1/14/2015,2011.27002,-0.005830029
472,1/15/2015,1992.670044,-0.009290903
473,1/16/2015,2019.420044,0.013334893
474,1/20/2015,2022.550049,0.001548752
475,1/21/2015,2032.119995,0.004720465
476,1/22/2015,2063.149902,0.015154313
477,1/23/2015,2051.820068,-0.005506656
478,1/26/2015,2057.090088,0.002565168
479,1/27/2015,2029.550049,-0.013478288
480,1/28/2015,2002.160034,-0.013587503
481,1/29/2015,2021.25,0.009489517
482,1/30/2015,1994.98999,-0.013077099
483,2/2/2015,2020.849976,0.01287917
484,2/3/2015,2050.030029,0.014336238
485,2/4/2015,2041.51001,-0.004164706
486,2/5/2015,2062.52002,0.010238811
487,2/6/2015,2055.469971,-0.003424028
488,2/9/2015,2046.73999,-0.00425624
489,2/10/2015,2068.590088,0.01061898
490,2/11/2015,2068.530029,-2.90342E-05
491,2/12/2015,2088.47998,0.009598295
492,2/13/2015,2096.98999,0.004066459
493,2/17/2015,2100.340088,0.0015963
494,2/18/2015,2099.679932,-0.000314359
495,2/19/2015,2097.449951,-0.001062622
496,2/20/2015,2110.300049,0.006107843
497,2/23/2015,2109.659912,-0.000303385
498,2/24/2015,2115.47998,0.002754972
499,2/25/2015,2113.860107,-0.000766017
500,2/26/2015,2110.73999,-0.001477119
501,2/27/2015,2104.5,-0.002960683
502,3/2/2015,2117.389893,0.006106238
503,3/3/2015,2107.780029,-0.004548873
504,3/4/2015,2098.530029,-0.004398161
505,3/5/2015,2101.040039,0.001195365
506,3/6/2015,2071.26001,-0.014275356
507,3/9/2015,2079.429932,0.003936662
508,3/10/2015,2044.160034,-0.017106821
509,3/11/2015,2040.23999,-0.001919521
510,3/12/2015,2065.949951,0.012522702
511,3/13/2015,2053.399902,-0.006093237
512,3/16/2015,2081.189941,0.013442909
513,3/17/2015,2074.280029,-0.003325698
514,3/18/2015,2099.5,0.012085102
515,3/19/2015,2089.27002,-0.004884489
516,3/20/2015,2108.100098,0.008972382
517,3/23/2015,2104.419922,-0.001747257
518,3/24/2015,2091.5,-0.006158346
519,3/25/2015,2061.050049,-0.014665926
520,3/26/2015,2056.149902,-0.002380331
521,3/27/2015,2061.02002,0.002365761
522,3/30/2015,2086.23999,0.012162382
523,3/31/2015,2067.889893,-0.008834686
524,4/1/2015,2059.689941,-0.003973255
525,4/2/2015,2066.959961,0.003523453
526,4/6/2015,2080.620117,0.006587073
527,4/7/2015,2076.330078,-0.002064033
528,4/8/2015,2081.899902,0.002678941
529,4/9/2015,2091.179932,0.004447576
530,4/10/2015,2102.060059,0.005189377
531,4/13/2015,2092.429932,-0.004591807
532,4/14/2015,2095.840088,0.001628432
533,4/15/2015,2106.629883,0.005134989
534,4/16/2015,2104.98999,-0.000778747
535,4/17/2015,2081.179932,-0.011375704
536,4/20/2015,2100.399902,0.009192748
537,4/21/2015,2097.290039,-0.001481702
538,4/22/2015,2107.959961,0.005074583
539,4/23/2015,2112.929932,0.002354941
540,4/24/2015,2117.689941,0.002250266
541,4/27/2015,2108.919922,-0.004149913
542,4/28/2015,2114.76001,0.002765404
543,4/29/2015,2106.850098,-0.003747348
544,4/30/2015,2085.51001,-0.010180553
545,5/1/2015,2108.290039,0.010863776
546,5/4/2015,2114.48999,0.002936433
547,5/5/2015,2089.459961,-0.011908003
548,5/6/2015,2080.149902,-0.004465681
549,5/7/2015,2088,0.003766711
550,5/8/2015,2116.100098,0.013368148
551,5/11/2015,2105.330078,-0.005102557
552,5/12/2015,2099.120117,-0.002953996
553,5/13/2015,2098.47998,-0.000305001
554,5/14/2015,2121.100098,0.010721605
555,5/15/2015,2122.72998,0.000768118
556,5/18/2015,2129.199951,0.003043313
557,5/19/2015,2127.830078,-0.000643582
558,5/20/2015,2125.850098,-0.000930949
559,5/21/2015,2130.820068,0.002335146
560,5/22/2015,2126.060059,-0.002236385
561,5/26/2015,2104.199951,-0.010335205
562,5/27/2015,2123.47998,0.009120919
563,5/28/2015,2120.790039,-0.001267564
564,5/29/2015,2107.389893,-0.006338515
565,6/1/2015,2111.72998,0.002057343
566,6/2/2015,2109.600098,-0.001009105
567,6/3/2015,2114.070068,0.002116629
568,6/4/2015,2095.840088,-0.008660562
569,6/5/2015,2092.830078,-0.001437215
570,6/8/2015,2079.280029,-0.00649556
571,6/9/2015,2080.149902,0.000418265
572,6/10/2015,2105.199951,0.011970492
573,6/11/2015,2108.860107,0.001737117
574,6/12/2015,2094.110107,-0.007018875
575,6/15/2015,2084.429932,-0.004633289
576,6/16/2015,2096.290039,0.00567373
577,6/17/2015,2100.439941,0.001977684
578,6/18/2015,2121.23999,0.009854
579,6/19/2015,2109.98999,-0.005317615
580,6/22/2015,2122.850098,0.006076368
581,6/23/2015,2124.199951,0.000635666
582,6/24/2015,2108.580078,-0.007380466
583,6/25/2015,2102.310059,-0.002978004
584,6/26/2015,2101.48999,-0.000390156
585,6/29/2015,2057.639893,-0.021086969
586,6/30/2015,2063.110107,0.002654962
587,7/1/2015,2077.419922,0.006912097
588,7/2/2015,2076.780029,-0.00030807
589,7/6/2015,2068.76001,-0.003869232
590,7/7/2015,2081.340088,0.006062561
591,7/8/2015,2046.680054,-0.016792965
592,7/9/2015,2051.310059,0.002259648
593,7/10/2015,2076.620117,0.012262986
594,7/13/2015,2099.600098,0.011005269
595,7/14/2015,2108.949951,0.004443273
596,7/15/2015,2107.399902,-0.000735256
597,7/16/2015,2124.290039,0.007982734
598,7/17/2015,2126.639893,0.001105572
599,7/20/2015,2128.280029,0.000770936
600,7/21/2015,2119.209961,-0.004270796
601,7/22/2015,2114.149902,-0.002390565
602,7/23/2015,2102.149902,-0.00569221
603,7/24/2015,2079.649902,-0.010761021
604,7/27/2015,2067.639893,-0.005791755
605,7/28/2015,2093.25,0.012310074
606,7/29/2015,2108.570068,0.007292143
607,7/30/2015,2108.629883,2.83672E-05
608,7/31/2015,2103.840088,-0.002274104
609,8/3/2015,2098.040039,-0.002760694
610,8/4/2015,2093.320068,-0.002252239
611,8/5/2015,2099.840088,0.003109838
612,8/6/2015,2083.560059,-0.007783196
613,8/7/2015,2077.570068,-0.002879023
614,8/10/2015,2104.179932,0.012726836
615,8/11/2015,2084.070068,-0.009603065
616,8/12/2015,2086.050049,0.000949604
617,8/13/2015,2083.389893,-0.001276026
618,8/14/2015,2091.540039,0.003904332
619,8/17/2015,2102.439941,0.005197892
620,8/18/2015,2096.919922,-0.002628983
621,8/19/2015,2079.610107,-0.008289137
622,8/20/2015,2035.72998,-0.02132596
623,8/21/2015,1970.890015,-0.032369242
624,8/24/2015,1893.209961,-0.040211444
625,8/25/2015,1867.609985,-0.01361425
626,8/26/2015,1940.51001,0.0382913
627,8/27/2015,1987.660034,0.024007254
628,8/28/2015,1988.869995,0.000608551
629,8/31/2015,1972.180054,-0.008427078
630,9/1/2015,1913.849976,-0.03002265
631,9/2/2015,1948.859985,0.018127671
632,9/3/2015,1951.130005,0.001164116
633,9/4/2015,1921.219971,-0.015448309
634,9/8/2015,1969.410034,0.024773637
635,9/9/2015,1942.040039,-0.013995036
636,9/10/2015,1952.290039,0.005264075
637,9/11/2015,1961.050049,0.004477007
638,9/14/2015,1953.030029,-0.004098041
639,9/15/2015,1978.089966,0.012749688
640,9/16/2015,1995.310059,0.008667741
641,9/17/2015,1990.199951,-0.002564345
642,9/18/2015,1958.030029,-0.016296231
643,9/21/2015,1966.969971,0.004555392
644,9/22/2015,1942.73999,-0.01239493
645,9/23/2015,1938.76001,-0.002050744
646,9/24/2015,1932.23999,-0.003368652
647,9/25/2015,1931.339966,-0.000465902
648,9/28/2015,1881.77002,-0.026001211
649,9/29/2015,1884.089966,0.001232094
650,9/30/2015,1920.030029,0.018895898
651,10/1/2015,1923.819946,0.001971939
652,10/2/2015,1951.359985,0.014213793
653,10/5/2015,1987.050049,0.018124594
654,10/6/2015,1979.920044,-0.003594689
655,10/7/2015,1995.829956,0.00800352
656,10/8/2015,2013.430054,0.00877978
657,10/9/2015,2014.890015,0.000724849
658,10/12/2015,2017.459961,0.001274664
659,10/13/2015,2003.689941,-0.006848824
660,10/14/2015,1994.23999,-0.004727431
661,10/15/2015,2023.859985,0.014743551
662,10/16/2015,2033.109985,0.004560061
663,10/19/2015,2033.660034,0.000270509
664,10/20/2015,2030.77002,-0.001422101
665,10/21/2015,2018.939941,-0.005842449
666,10/22/2015,2052.51001,0.016490847
667,10/23/2015,2075.149902,0.010969954
668,10/26/2015,2071.179932,-0.001914933
669,10/27/2015,2065.889893,-0.002557386
670,10/28/2015,2090.350098,0.011770488
671,10/29/2015,2089.409912,-0.000449876
672,10/30/2015,2079.360107,-0.004821482
673,11/2/2015,2104.050049,0.011803877
674,11/3/2015,2109.790039,0.002724353
675,11/4/2015,2102.310059,-0.003551667
676,11/5/2015,2099.929932,-0.00113279
677,11/6/2015,2099.199951,-0.000347682
678,11/9/2015,2078.580078,-0.009871291
679,11/10/2015,2081.719971,0.001509455
680,11/11/2015,2075,-0.003233307
681,11/12/2015,2045.969971,-0.014089163
682,11/13/2015,2023.040039,-0.011270641
683,11/16/2015,2053.189941,0.014793303
684,11/17/2015,2050.439941,-0.001340277
685,11/18/2015,2083.580078,0.01603323
686,11/19/2015,2081.23999,-0.00112374
687,11/20/2015,2089.169922,0.003802955
688,11/23/2015,2086.590088,-0.001235624
689,11/24/2015,2089.139893,0.00122125
690,11/25/2015,2088.870117,-0.000129141
691,11/27/2015,2090.110107,0.000593441
692,11/30/2015,2080.409912,-0.0046518
693,12/1/2015,2102.629883,0.010623939
694,12/2/2015,2079.51001,-0.011056593
695,12/3/2015,2049.620117,-0.014477827
696,12/4/2015,2091.689941,0.020317856
697,12/7/2015,2077.070068,-0.007014044
698,12/8/2015,2063.590088,-0.006511052
699,12/9/2015,2047.619995,-0.007769086
700,12/10/2015,2052.22998,0.002248856
701,12/11/2015,2012.369995,-0.019613868
702,12/14/2015,2021.939941,0.004744288
703,12/15/2015,2043.410034,0.01056258
704,12/16/2015,2073.070068,0.014410636
705,12/17/2015,2041.890015,-0.015154776
706,12/18/2015,2005.550049,-0.017957495
707,12/21/2015,2021.150024,0.007748306
708,12/22/2015,2038.969971,0.008778096
709,12/23/2015,2064.290039,0.012341596
710,12/24/2015,2060.98999,-0.001599915
711,12/28/2015,2056.5,-0.002180936
712,12/29/2015,2078.360107,0.010573664
713,12/30/2015,2063.360107,-0.007243399
714,12/31/2015,2043.939941,-0.009456485
715,1/4/2016,2012.660034,-0.015422042
716,1/5/2016,2016.709961,0.002010204
717,1/6/2016,1990.26001,-0.013202163
718,1/7/2016,1943.089966,-0.023985817
719,1/8/2016,1922.030029,-0.010897538
720,1/11/2016,1923.670044,0.000852908
721,1/12/2016,1938.680054,0.007772514
722,1/13/2016,1890.280029,-0.025282375
723,1/14/2016,1921.839966,0.016558061
724,1/15/2016,1880.329956,-0.021835773
725,1/19/2016,1881.329956,0.00053168
726,1/20/2016,1859.329956,-0.011762766
727,1/21/2016,1868.98999,0.005181989
728,1/22/2016,1906.900024,0.020080727
729,1/25/2016,1877.079956,-0.015761545
730,1/26/2016,1903.630005,0.014045238
731,1/27/2016,1882.949951,-0.010922922
732,1/28/2016,1893.359985,0.005513351
733,1/29/2016,1940.23999,0.024458651
734,2/1/2016,1939.380005,-0.000443335
735,2/2/2016,1903.030029,-0.018920969
736,2/3/2016,1912.530029,0.00497962
737,2/4/2016,1915.449951,0.001525568
738,2/5/2016,1880.050049,-0.018654158
739,2/8/2016,1853.439941,-0.014255058
740,2/9/2016,1852.209961,-0.00066384
741,2/10/2016,1851.859985,-0.000188968
742,2/11/2016,1829.079956,-0.012377447
743,2/12/2016,1864.780029,0.019330015
744,2/16/2016,1895.579956,0.016381738
745,2/17/2016,1926.819946,0.016346111
746,2/18/2016,1917.829956,-0.004676632
747,2/19/2016,1917.780029,-2.60334E-05
748,2/22/2016,1945.5,0.014350731
749,2/23/2016,1921.27002,-0.012532577
750,2/24/2016,1929.800049,0.00442996
751,2/25/2016,1951.699951,0.011284367
752,2/26/2016,1948.050049,-0.001871865
753,2/29/2016,1932.22998,-0.008154131
754,3/1/2016,1978.349976,0.023588386
755,3/2/2016,1986.449951,0.00408595
756,3/3/2016,1993.400024,0.003492634
757,3/4/2016,1999.98999,0.00330044
758,3/7/2016,2001.76001,0.000884623
759,3/8/2016,1979.26001,-0.011303756
760,3/9/2016,1989.26001,0.005039673
761,3/10/2016,1989.569946,0.000155793
762,3/11/2016,2022.189941,0.016262546
763,3/14/2016,2019.640015,-0.001261768
764,3/15/2016,2015.930054,-0.001838631
765,3/16/2016,2027.219971,0.005584728
766,3/17/2016,2040.589966,0.006573583
767,3/18/2016,2049.580078,0.004395967
768,3/21/2016,2051.600098,0.000985092
769,3/22/2016,2049.800049,-0.000877773
770,3/23/2016,2036.709961,-0.00640651
771,3/24/2016,2035.939941,-0.000378142
772,3/28/2016,2037.050049,0.000545107
773,3/29/2016,2055.01001,0.008778012
774,3/30/2016,2063.949951,0.00434088
775,3/31/2016,2059.73999,-0.002041842
776,4/1/2016,2072.780029,0.006310959
777,4/4/2016,2066.129883,-0.00321348
778,4/5/2016,2045.170044,-0.010196298
779,4/6/2016,2066.659912,0.010452798
780,4/7/2016,2041.910034,-0.012048074
781,4/8/2016,2047.599976,0.002782703
782,4/11/2016,2041.98999,-0.002743546
783,4/12/2016,2061.719971,0.009615754
784,4/13/2016,2082.419922,0.00999007
785,4/14/2016,2082.780029,0.000172912
786,4/15/2016,2080.72998,-0.00098477
787,4/18/2016,2094.340088,0.006519726
788,4/19/2016,2100.800049,0.003079738
789,4/20/2016,2102.399902,0.000761255
790,4/21/2016,2091.47998,-0.005207563
791,4/22/2016,2091.580078,4.78587E-05
792,4/25/2016,2087.790039,-0.00181369
793,4/26/2016,2091.699951,0.001871
794,4/27/2016,2095.149902,0.001647994
795,4/28/2016,2075.810059,-0.009273636
796,4/29/2016,2065.300049,-0.005075949
797,5/2/2016,2081.429932,0.007779607
798,5/3/2016,2063.370117,-0.0087145
799,5/4/2016,2051.120117,-0.005954583
800,5/5/2016,2050.629883,-0.000239037
801,5/6/2016,2057.139893,0.003169611
802,5/9/2016,2058.689941,0.000753213
803,5/10/2016,2084.389893,0.012406366
804,5/11/2016,2064.459961,-0.009607523
805,5/12/2016,2064.110107,-0.00016948
806,5/13/2016,2046.609985,-0.008514434
807,5/16/2016,2066.659912,0.009748977
808,5/17/2016,2047.209961,-0.009455863
809,5/18/2016,2047.630005,0.000205158
810,5/19/2016,2040.040039,-0.003713595
811,5/20/2016,2052.320068,0.006001459
812,5/23/2016,2048.040039,-0.002087636
813,5/24/2016,2076.060059,0.013588638
814,5/25/2016,2090.540039,0.006950529
815,5/26/2016,2090.100098,-0.000210466
816,5/27/2016,2099.060059,0.004277695
817,5/31/2016,2096.949951,-0.001005769
818,6/1/2016,2099.330078,0.001134399
819,6/2/2016,2105.26001,0.002820696
820,6/3/2016,2099.129883,-0.002916062
821,6/6/2016,2109.409912,0.004885328
822,6/7/2016,2112.129883,0.001288616
823,6/8/2016,2119.120117,0.003304102
824,6/9/2016,2115.47998,-0.001719236
825,6/10/2016,2096.070068,-0.009217532
826,6/13/2016,2079.060059,-0.008148298
827,6/14/2016,2075.320068,-0.001800505
828,6/15/2016,2071.5,-0.001842409
829,6/16/2016,2077.98999,0.003128093
830,6/17/2016,2071.219971,-0.003263284
831,6/20/2016,2083.25,0.005791383
832,6/21/2016,2088.899902,0.00270839
833,6/22/2016,2085.449951,-0.001652929
834,6/23/2016,2113.320068,0.013275567
835,6/24/2016,2037.410034,-0.036580793
836,6/27/2016,2000.540039,-0.018262246
837,6/28/2016,2036.089966,0.017614122
838,6/29/2016,2070.77002,0.016889243
839,6/30/2016,2098.860107,0.013473863
840,7/1/2016,2102.949951,0.001946706
841,7/5/2016,2088.550049,-0.006871029
842,7/6/2016,2099.72998,0.005338687
843,7/7/2016,2097.899902,-0.000871958
844,7/8/2016,2129.899902,0.015138187
845,7/11/2016,2137.159912,0.003402819
846,7/12/2016,2152.139893,0.006984843
847,7/13/2016,2152.429932,0.000134759
848,7/14/2016,2163.75,0.005245423
849,7/15/2016,2161.73999,-0.000929379
850,7/18/2016,2166.889893,0.002379462
851,7/19/2016,2163.780029,-0.001436205
852,7/20/2016,2173.02002,0.004261209
853,7/21/2016,2165.169922,-0.00361907
854,7/22/2016,2175.030029,0.004543627
855,7/25/2016,2168.47998,-0.003016019
856,7/26/2016,2169.179932,0.000322733
857,7/27/2016,2166.580078,-0.001199261
858,7/28/2016,2170.060059,0.001604921
859,7/29/2016,2173.600098,0.00162998
860,8/1/2016,2170.840088,-0.001270594
861,8/2/2016,2157.030029,-0.006381941
862,8/3/2016,2163.790039,0.003129043
863,8/4/2016,2164.25,0.000212549
864,8/5/2016,2182.870117,0.008566697
865,8/8/2016,2180.889893,-0.000907577
866,8/9/2016,2181.73999,0.000389718
867,8/10/2016,2175.48999,-0.002868797
868,8/11/2016,2185.790039,0.004723415
869,8/12/2016,2184.050049,-0.000796363
870,8/15/2016,2190.149902,0.002789016
871,8/16/2016,2178.149902,-0.005494142
872,8/17/2016,2182.219971,0.001866846
873,8/18/2016,2187.02002,0.002197202
874,8/19/2016,2183.870117,-0.00144131
875,8/22/2016,2182.639893,-0.000563482
876,8/23/2016,2186.899902,0.001949867
877,8/24/2016,2175.439941,-0.005254055
878,8/25/2016,2172.469971,-0.00136616
879,8/26/2016,2169.040039,-0.001580064
880,8/29/2016,2180.379883,0.005214429
881,8/30/2016,2176.120117,-0.001955592
882,8/31/2016,2170.949951,-0.002378691
883,9/1/2016,2170.860107,-4.13855E-05
884,9/2/2016,2179.97998,0.004192242
885,9/6/2016,2186.47998,0.002977242
886,9/7/2016,2186.159912,-0.000146396
887,9/8/2016,2181.300049,-0.002225488
888,9/9/2016,2127.810059,-0.024827742
889,9/12/2016,2159.040039,0.014570387
890,9/13/2016,2127.02002,-0.014941748
891,9/14/2016,2125.77002,-0.000587849
892,9/15/2016,2147.26001,0.010058516
893,9/16/2016,2139.159912,-0.003779428
894,9/19/2016,2139.120117,-1.86033E-05
895,9/20/2016,2139.76001,0.000299094
896,9/21/2016,2163.120117,0.010858
897,9/22/2016,2177.179932,0.006478752
898,9/23/2016,2164.689941,-0.005753293
899,9/26/2016,2146.100098,-0.00862485
900,9/27/2016,2159.929932,0.006423495
901,9/28/2016,2171.370117,0.005282576
902,9/29/2016,2151.129883,-0.009365128
903,9/30/2016,2168.27002,0.007936393
904,10/3/2016,2161.199951,-0.003266023
905,10/4/2016,2150.48999,-0.004967882
906,10/5/2016,2159.72998,0.004287486
907,10/6/2016,2160.77002,0.000481444
908,10/7/2016,2153.73999,-0.003258788
909,10/10/2016,2163.659912,0.00459533
910,10/11/2016,2136.72998,-0.012524578
911,10/12/2016,2139.179932,0.001145933
912,10/13/2016,2132.550049,-0.003104076
913,10/14/2016,2132.97998,0.000201584
914,10/17/2016,2126.5,-0.003042618
915,10/18/2016,2139.600098,0.006141506
916,10/19/2016,2144.290039,0.002189572
917,10/20/2016,2141.340088,-0.001376671
918,10/21/2016,2141.159912,-8.41452E-05
919,10/24/2016,2151.330078,0.004738595
920,10/25/2016,2143.159912,-0.003804957
921,10/26/2016,2139.429932,-0.001741928
922,10/27/2016,2133.040039,-0.002991196
923,10/28/2016,2126.409912,-0.00311314
924,10/31/2016,2126.149902,-0.000122284
925,11/1/2016,2111.719971,-0.006810019
926,11/2/2016,2097.939941,-0.006546885
927,11/3/2016,2088.659912,-0.004433213
928,11/4/2016,2085.179932,-0.00166752
929,11/7/2016,2131.52002,0.0219802
930,11/8/2016,2139.560059,0.003764878
931,11/9/2016,2163.26001,0.01101612
932,11/10/2016,2167.47998,0.001948845
933,11/11/2016,2164.449951,-0.001398928
934,11/14/2016,2164.199951,-0.000115509
935,11/15/2016,2180.389893,0.007452955
936,11/16/2016,2176.939941,-0.001583517
937,11/17/2016,2187.120117,0.004665469
938,11/18/2016,2181.899902,-0.002389651
939,11/21/2016,2198.179932,0.007433702
940,11/22/2016,2202.939941,0.002163091
941,11/23/2016,2204.719971,0.000807698
942,11/25/2016,2213.350098,0.003906746
943,11/28/2016,2201.719971,-0.005268389
944,11/29/2016,2204.659912,0.001334402
945,11/30/2016,2198.810059,-0.00265693
946,12/1/2016,2191.080078,-0.003521723
947,12/2/2016,2191.949951,0.000396928
948,12/5/2016,2204.709961,0.005804427
949,12/6/2016,2212.22998,0.003405084
950,12/7/2016,2241.350098,0.013077359
951,12/8/2016,2246.189941,0.002157015
952,12/9/2016,2259.530029,0.005921419
953,12/12/2016,2256.959961,-0.001138082
954,12/13/2016,2271.719971,0.006518483
955,12/14/2016,2253.280029,-0.008150296
956,12/15/2016,2262.030029,0.003875708
957,12/16/2016,2258.070068,-0.001752157
958,12/19/2016,2262.530029,0.001973173
959,12/20/2016,2270.76001,0.003630913
960,12/21/2016,2265.179932,-0.002460386
961,12/22/2016,2260.959961,-0.001864711
962,12/23/2016,2263.790039,0.001250932
963,12/27/2016,2268.879883,0.002245849
964,12/28/2016,2249.919922,-0.008391641
965,12/29/2016,2249.26001,-0.000293348
966,12/30/2016,2238.830078,-0.004647835
967,1/3/2017,2257.830078,0.008450767
968,1/4/2017,2270.75,0.005705964
969,1/5/2017,2269,-0.000770968
970,1/6/2017,2276.97998,0.003510789
971,1/9/2017,2268.899902,-0.003554905
972,1/10/2017,2268.899902,0
973,1/11/2017,2275.320068,0.002825642
974,1/12/2017,2270.439941,-0.002147112
975,1/13/2017,2274.639893,0.001848132
976,1/17/2017,2267.889893,-0.002971914
977,1/18/2017,2271.889893,0.0017622
978,1/19/2017,2263.689941,-0.003615838
979,1/20/2017,2271.310059,0.003360584
980,1/23/2017,2265.199951,-0.00269375
981,1/24/2017,2280.070068,0.00654314
982,1/25/2017,2298.370117,0.007994053
983,1/26/2017,2296.679932,-0.000735655
984,1/27/2017,2294.689941,-0.00086684
985,1/30/2017,2280.899902,-0.006027673
986,1/31/2017,2278.870117,-0.000890302
987,2/1/2017,2279.550049,0.000298319
988,2/2/2017,2280.850098,0.000570147
989,2/3/2017,2297.419922,0.007238497
990,2/6/2017,2292.560059,-0.002117597
991,2/7/2017,2293.080078,0.000226803
992,2/8/2017,2294.669922,0.000693082
993,2/9/2017,2307.870117,0.005736064
994,2/10/2017,2316.100098,0.003559707
995,2/13/2017,2328.25,0.005232133
996,2/14/2017,2337.580078,0.003999327
997,2/15/2017,2349.25,0.004979889
998,2/16/2017,2347.219971,-0.000864491
999,2/17/2017,2351.159912,0.001677149
1000,2/21/2017,2365.379883,0.00602985
